Team,G,PA,HR,R,RBI,SB,BB%,K%,ISO,BABIP,AVG,OBP,SLG,wOBA,xwOBA,wRC+,BsR,Off,Def,WAR,Age,G,AB,PA,H,1B,2B,3B,HR,R,RBI,BB,IBB,SO,HBP,SF,SH,GDP,SB,CS,AVG,GB,FB,LD,IFFB,Pitches,Balls,Strikes,IFH,BU,BUH,BB%,K%,BB/K,OBP,SLG,OPS,ISO,BABIP,GB/FB,LD%,GB%,FB%,IFFB%,HR/FB,IFH%,BUH%,wOBA,wRAA,wRC,Bat,Fld,Rep,Pos,RAR,WAR,Dol,Spd,wRC+,WPA,#NAME?,#NAME?,RE24,REW,pLI,phLI,PH,WPA/LI,Clutch,FB%,FBv,SL%,SLv,CT%,CTv,CB%,CBv,CH%,CHv,SF%,SFv,KN%,KNv,XX%,PO%,wFB,wSL,wCT,wCB,wCH,wSF,wKN,wFB/C,wSL/C,wCT/C,wCB/C,wCH/C,wSF/C,wKN/C,O-Swing%,Z-Swing%,Swing%,O-Contact%,Z-Contact%,Contact%,Zone%,F-Strike%,SwStr%,BsR,FA% (sc),FT% (sc),FC% (sc),FS% (sc),FO% (sc),SI% (sc),SL% (sc),CU% (sc),KC% (sc),EP% (sc),CH% (sc),SC% (sc),KN% (sc),UN% (sc),vFA (sc),vFT (sc),vFC (sc),vFS (sc),vFO (sc),vSI (sc),vSL (sc),vCU (sc),vKC (sc),vEP (sc),vCH (sc),vSC (sc),vKN (sc),FA-X (sc),FT-X (sc),FC-X (sc),FS-X (sc),FO-X (sc),SI-X (sc),SL-X (sc),CU-X (sc),KC-X (sc),EP-X (sc),CH-X (sc),SC-X (sc),KN-X (sc),FA-Z (sc),FT-Z (sc),FC-Z (sc),FS-Z (sc),FO-Z (sc),SI-Z (sc),SL-Z (sc),CU-Z (sc),KC-Z (sc),EP-Z (sc),CH-Z (sc),SC-Z (sc),KN-Z (sc),wFA (sc),wFT (sc),wFC (sc),wFS (sc),wFO (sc),wSI (sc),wSL (sc),wCU (sc),wKC (sc),wEP (sc),wCH (sc),wSC (sc),wKN (sc),wFA/C (sc),wFT/C (sc),wFC/C (sc),wFS/C (sc),wFO/C (sc),wSI/C (sc),wSL/C (sc),wCU/C (sc),wKC/C (sc),wEP/C (sc),wCH/C (sc),wSC/C (sc),wKN/C (sc),O-Swing% (sc),Z-Swing% (sc),Swing% (sc),O-Contact% (sc),Z-Contact% (sc),Contact% (sc),Zone% (sc),Pace,Def,wSB,UBR,Age Rng,Off,Lg,wGDP,Pull%,Cent%,Oppo%,Soft%,Med%,Hard%,TTO%,CH% (pi),CS% (pi),CU% (pi),FA% (pi),FC% (pi),FS% (pi),KN% (pi),SB% (pi),SI% (pi),SL% (pi),XX% (pi),vCH (pi),vCS (pi),vCU (pi),vFA (pi),vFC (pi),vFS (pi),vKN (pi),vSB (pi),vSI (pi),vSL (pi),vXX (pi),CH-X (pi),CS-X (pi),CU-X (pi),FA-X (pi),FC-X (pi),FS-X (pi),KN-X (pi),SB-X (pi),SI-X (pi),SL-X (pi),XX-X (pi),CH-Z (pi),CS-Z (pi),CU-Z (pi),FA-Z (pi),FC-Z (pi),FS-Z (pi),KN-Z (pi),SB-Z (pi),SI-Z (pi),SL-Z (pi),XX-Z (pi),wCH (pi),wCS (pi),wCU (pi),wFA (pi),wFC (pi),wFS (pi),wKN (pi),wSB (pi),wSI (pi),wSL (pi),wXX (pi),wCH/C (pi),wCS/C (pi),wCU/C (pi),wFA/C (pi),wFC/C (pi),wFS/C (pi),wKN/C (pi),wSB/C (pi),wSI/C (pi),wSL/C (pi),wXX/C (pi),O-Swing% (pi),Z-Swing% (pi),Swing% (pi),O-Contact% (pi),Z-Contact% (pi),Contact% (pi),Zone% (pi),Pace (pi),FRM,AVG+,BB%+,K%+,OBP+,SLG+,ISO+,BABIP+,LD+%,GB%+,FB%+,HR/FB%+,Pull%+,Cent%+,Oppo%+,Soft%+,Med%+,Hard%+,EV,LA,Barrels,Barrel%,maxEV,HardHit,HardHit%,Events,CStr%,CSW%,xBA,xSLG,xwOBA,H,1B,2B,3B
TOR,2383,6070,262,846,816,81,8.20%,20.10%,0.2,0.296,0.266,0.33,0.466,0.34,,113,2.8,95.3,2.6,30.5,28,2383,5476,6070,1455,895,285,13,262,846,816,496,14,1218,51,35,10,112,81,20,0.266,1730,1662,889,171,23254,8419,14835,128,22,7,8.20%,20.10%,0.41,0.33,0.466,0.797,0.2,0.296,1.04,20.80%,40.40%,38.80%,10.30%,15.80%,7.40%,31.80%,0.34,129.4,864,92.5,18.2,189.7,-15.6,303.8,30.5,$243.70,4.2,113,1.96,-100.71,102.67,96.67,9.07,0.91,1.26,100,7.46,-5.31,50.20%,93.7,21.20%,84.9,7.30%,87.6,8.80%,79.6,11.20%,85,1.30%,86.7,,,0.20%,,75.7,8.2,-1.6,34.4,9.1,3.5,,0.65,0.17,-0.1,1.69,0.35,1.17,,31.90%,72.50%,48.80%,63.30%,86.70%,77.80%,41.80%,62.10%,10.80%,2.8,35.10%,,8.00%,0.90%,,14.90%,20.00%,7.60%,1.80%,0.10%,11.60%,,,,93.9,,87.7,86.5,,93.5,84.9,79,81,48.2,85.1,,,-1.9,,0.4,-5,,-4.8,1.6,2.3,3,3.1,-1.6,,,9.5,,4.5,2.4,,5.4,1.2,-4.3,-7,9.2,4.5,,,44.3,,-5.1,1.2,,16.4,1.4,34.7,1.2,0.7,6.1,,,0.54,,-0.27,0.55,,0.47,0.03,1.97,0.27,3.28,0.23,,,27.20%,69.80%,48.90%,54.90%,86.20%,77.60%,50.90%,,2.6,2.9,0.6,22 - 37,95.3,16.1,-0.7,41.00%,33.60%,25.40%,14.90%,51.60%,33.60%,32.60%,11.50%,0.00%,8.00%,36.10%,7.40%,1.00%,,,14.10%,21.90%,0.00%,84.8,72.5,79.4,93.7,87.5,86.2,,,93.4,84.7,79.3,-1.5,6.8,2.3,-1.5,0.4,-5.1,,,-5.1,2.2,-3.3,3,-10.3,-7.7,8.3,3.4,0.8,,,3.8,-0.3,8.5,3.5,0,30.1,41.6,-2.9,2.6,,,19.6,6.4,0,0.13,-0.26,1.62,0.5,-0.17,1.11,,,0.6,0.13,4.97,27.60%,69.10%,48.90%,55.10%,86.20%,77.60%,51.20%,,5,108,96,88,104,112,118,102,101,95,105,116,102,97,102,91,100,104,90.3,13.6,418,9.70%,117.4,1817,42.20%,4305,14.90%,25.70%,,,,1455,895,285,13
HOU,2319,6291,221,863,834,53,9.00%,19.40%,0.177,0.303,0.267,0.339,0.444,0.336,,116,-6.2,117.6,7,33.9,28,2319,5593,6291,1496,962,299,14,221,863,834,569,25,1222,64,54,9,136,53,16,0.267,1785,1658,958,170,24555,8982,15573,115,33,8,9.00%,19.40%,0.47,0.339,0.444,0.783,0.177,0.303,1.08,21.80%,40.60%,37.70%,10.30%,13.30%,6.40%,24.20%,0.336,114.9,877,123.8,21.8,196.6,-14.9,337.9,33.9,$271.10,3.8,116,6.67,-103.23,109.9,144.3,14.79,0.95,1.54,94,7.9,-0.85,50.90%,93.2,21.10%,84.1,6.10%,88.8,8.50%,79.2,11.40%,84.5,1.60%,85.8,0.30%,77.2,0.30%,,36.4,7.8,23.5,6.5,24,1.1,5.3,0.29,0.15,1.56,0.31,0.86,0.27,8.57,29.50%,66.70%,45.30%,68.20%,88.00%,80.60%,42.30%,60.70%,8.80%,-6.2,33.40%,,7.00%,1.70%,,17.20%,19.40%,7.70%,2.00%,,11.30%,,0.20%,,93.5,,88.8,85.8,,92.6,84.2,78.9,80.5,,84.5,,77.9,-1.6,,0.6,-6.5,,-2.3,1.8,1.4,2.7,,-1,,-1.7,9.7,,5,2.5,,5.5,1.3,-4.4,-7,,4.5,,1.9,31.6,,15,-3.9,,-4.9,2.5,13.6,-2.8,,26.8,,5.1,0.38,,0.88,-0.94,,-0.12,0.05,0.72,-0.59,,0.96,,8.96,24.90%,64.60%,45.30%,62.60%,87.00%,80.50%,51.20%,,7,-1.5,-0.1,24 - 37,117.6,16.7,-4.6,41.00%,35.20%,23.80%,14.80%,52.00%,33.10%,32.00%,11.10%,0.00%,8.90%,34.50%,6.60%,1.90%,0.30%,0.00%,16.50%,20.20%,0.00%,84.6,69,79.3,93.6,88.7,85.7,76.9,74.8,92.7,84.2,87.6,-1,5.9,2.1,-1.5,0.6,-6.1,-1.6,10,-2.4,1.9,-3.8,2.9,-10.7,-7.3,8.5,3.7,1.4,0.2,-1.3,4,-0.1,5.3,25.3,0,5.5,25.8,17.7,-2.3,5.3,0,-2.8,7.4,0.4,0.93,-4.11,0.25,0.3,1.1,-0.5,8.57,-1.54,-0.07,0.15,4.72,25.60%,63.50%,45.30%,62.40%,87.20%,80.50%,51.90%,,0.8,109,107,85,107,107,104,104,106,96,102,98,102,101,95,91,101,103,89.5,14,342,7.70%,116.4,1800,40.60%,4436,18.00%,26.80%,,,,1496,962,299,14
BOS,2353,6122,219,829,783,40,8.40%,22.60%,0.188,0.309,0.261,0.328,0.449,0.333,,107,-4.4,45.3,-22,23.2,29,2353,5495,6122,1434,862,330,23,219,829,783,512,22,1386,61,42,10,100,40,21,0.261,1671,1603,862,190,23976,8485,15491,113,23,5,8.40%,22.60%,0.37,0.328,0.449,0.777,0.188,0.309,1.04,20.80%,40.40%,38.80%,11.90%,13.70%,6.80%,21.70%,0.333,93,834,49.7,-7.7,191.3,-14.3,230.9,23.2,$185.20,4,107,5.44,-106.81,112.25,67.35,5.99,0.98,1.73,92,4.03,1.51,52.00%,93.5,19.00%,84.6,6.30%,87.3,9.40%,79.7,12.00%,84.3,1.30%,85.6,0.10%,53,0.30%,,38.6,18.5,6.7,14.3,23.1,0.5,-0.1,0.31,0.41,0.44,0.64,0.81,0.15,-0.4,33.70%,69.90%,48.70%,64.20%,83.60%,75.70%,41.30%,61.10%,11.80%,-4.4,37.80%,,7.10%,1.30%,,13.90%,18.10%,8.10%,1.50%,0.10%,12.00%,,0.10%,,93.6,,87.5,85.1,,93.1,84.6,78.9,81.1,45.4,84.3,,61,-1.4,,0.4,-5.7,,-1.5,1.5,0.6,3,0.3,-0.4,,-2.3,9.8,,4.5,2.3,,5.6,1.2,-4.3,-5.4,5.5,4.4,,8,11.6,,6.3,-0.2,,10.4,18.6,6.4,6.5,1.1,23,,-0.7,0.13,,0.37,-0.06,,0.31,0.43,0.33,1.81,6.42,0.8,,-6.14,30.00%,67.30%,48.70%,59.10%,83.10%,75.70%,50.00%,,-22,-5.6,-2.8,22 - 35,45.3,16.3,4,39.70%,33.80%,26.50%,16.70%,50.20%,33.10%,34.60%,11.90%,,9.00%,38.90%,6.90%,1.30%,,,12.90%,18.90%,0.00%,84.4,,79.6,93.6,87.8,85.5,,,93.5,84.7,88.8,-0.4,,1.1,-1.2,0.4,-5.6,,,-1.9,1.7,3.8,2.8,,-6.6,8.5,3.3,0.9,,,4,-0.3,0.2,18.9,,7.9,19.5,8,1.8,,,7.6,17.5,0.1,0.66,,0.36,0.21,0.48,0.58,,,0.25,0.39,0.76,30.30%,66.80%,48.70%,58.80%,83.20%,75.60%,50.40%,,0.4,106,99,99,104,108,111,106,102,95,105,100,99,97,106,102,98,103,89.9,13.7,412,9.90%,118.6,1766,42.40%,4163,15.80%,27.70%,,,,1434,862,330,23
SFG,2597,6196,241,804,768,66,9.70%,23.60%,0.191,0.295,0.249,0.329,0.44,0.329,,108,-6.4,55.1,39.6,30,29,2597,5462,6196,1360,823,271,25,241,804,768,602,45,1461,64,30,36,117,66,14,0.249,1586,1541,871,128,24617,9079,15538,98,69,16,9.70%,23.60%,0.41,0.329,0.44,0.769,0.191,0.295,1.03,21.80%,39.70%,38.50%,8.30%,15.60%,6.20%,23.20%,0.329,73,823,61.5,4.3,193.6,35.3,299.1,30,$239.90,4.4,108,9.42,-104.03,113.45,99.35,9.86,0.96,1.19,406,9.17,0.66,50.20%,93.4,18.60%,84.6,7.30%,89.3,11.00%,79.4,11.70%,85.6,1.10%,85.7,0.00%,68.9,0.60%,,69.1,-24.8,11.5,4.5,8.4,-5.3,0.6,0.56,-0.54,0.64,0.17,0.29,-1.9,7.05,28.20%,68.80%,45.60%,62.50%,84.60%,76.70%,42.80%,60.20%,10.60%,-6.4,35.50%,,7.90%,1.10%,,14.60%,17.00%,10.10%,2.10%,,11.80%,,,,93.6,,89.1,86.3,,92.9,84.9,79.1,80.7,,85.5,,,-1.9,,0.8,-4.4,,-4.1,2,2.1,3.2,,-3.5,,,9.3,,5,2.2,,5.4,1.1,-4.7,-6.8,,3.9,,,44,,9.6,-2.4,,25.6,-22.8,-4.9,2.4,,1.6,,,0.5,,0.5,-0.9,,0.71,-0.54,-0.2,0.47,,0.05,,,24.00%,65.90%,45.60%,55.40%,83.90%,76.60%,51.50%,,39.6,2.4,-7.7,21 - 37,55.1,10.8,-1.1,40.50%,35.40%,24.20%,15.00%,53.40%,31.50%,37.20%,11.60%,0.00%,11.10%,36.60%,7.20%,1.10%,0.00%,,13.70%,18.60%,0.10%,85.6,76.1,79.4,93.7,89.3,86.2,71,,92.9,84.7,86,-3.6,9.8,2.3,-1.9,1,-4,1.6,,-3.9,2.2,-1.5,2.4,-9.2,-7,8.3,4.1,1.1,-2.7,,3.8,-0.3,3,1.1,-0.3,-5.2,46.1,1.7,-2.5,0.7,,24.6,-13.1,0.2,0.04,-13.02,-0.19,0.51,0.09,-0.93,7.7,,0.73,-0.29,1.18,24.70%,64.80%,45.60%,55.60%,84.10%,76.70%,52.10%,,5.5,100,106,106,101,105,111,100,104,93,106,114,101,101,98,92,105,96,88.7,14.8,377,9.30%,113.2,1574,38.70%,4069,17.00%,27.60%,,,,1360,823,271,25
CHW,2292,6084,190,796,757,57,9.60%,22.80%,0.166,0.31,0.256,0.336,0.422,0.329,,109,-0.9,68.4,-22.7,25.3,28,2292,5357,6084,1373,886,275,22,190,796,757,586,10,1389,78,39,24,139,57,20,0.256,1838,1303,849,93,23930,8640,15290,143,41,7,9.60%,22.80%,0.42,0.336,0.422,0.758,0.166,0.31,1.41,21.30%,46.10%,32.70%,7.10%,14.60%,7.80%,17.10%,0.329,73,810,69.2,-8.1,190.1,-14.6,252,25.3,$202.20,4.3,109,4.3,-101.76,106.06,74.05,7.41,0.94,1.55,83,7.43,-2.87,52.00%,93.4,20.70%,84.7,4.90%,88.9,10.00%,79.9,10.80%,84.9,1.60%,85.8,0.00%,71.5,0.10%,,50.8,-21.4,-0.3,15.5,20.4,2,0,0.41,-0.43,-0.03,0.65,0.79,0.51,-1.4,33.00%,68.30%,47.60%,62.40%,85.60%,76.10%,41.40%,60.30%,11.40%,-0.9,36.00%,,5.80%,1.90%,,15.40%,20.30%,7.90%,2.20%,0.00%,10.50%,,,,93.4,,89.4,85.6,,93.4,84.7,79,81.7,44.6,84.8,,,-2,,0.8,-6.9,,-4.2,1.6,2.5,2.7,-1.1,-2.9,,,9.4,,4.6,2.7,,5.9,1.1,-5.2,-6.6,6.9,4.6,,,22.1,,-2.6,-0.1,,12.8,-21.9,9.2,2.4,0.7,16.8,,,0.26,,-0.19,-0.02,,0.35,-0.45,0.49,0.45,6.74,0.67,,,29.00%,66.40%,47.60%,55.70%,85.10%,76.10%,49.80%,,-22.7,-2.3,6.3,22 - 34,68.4,16.2,-4.9,39.00%,34.50%,26.50%,15.60%,51.60%,32.90%,35.60%,10.20%,0.00%,9.80%,37.50%,5.70%,2.10%,0.00%,,14.40%,20.20%,0.00%,84.8,76.6,79.8,93.6,88.7,85.8,71.8,,93.3,84.7,86.1,-2.7,7.8,2.9,-1.8,0.8,-6.6,2.1,,-4.1,1.9,-2,3.1,-9.5,-7.4,8.3,3.2,1.5,0.8,,4.4,-0.4,-0.2,19.6,0.5,15.6,18.7,0.9,-2.2,-0.1,,14.3,-27,-0.1,0.81,6.81,0.67,0.21,0.07,-0.44,-12,,0.42,-0.56,-1.4,29.50%,65.50%,47.60%,55.80%,85.20%,76.10%,50.30%,,-13.4,104,114,100,106,102,98,106,104,109,88,107,97,99,106,95,100,102,89.2,10.4,313,7.80%,117.7,1585,39.30%,4031,16.10%,27.50%,,,,1373,886,275,22
CIN,2472,6162,222,786,756,36,9.00%,23.10%,0.182,0.296,0.249,0.328,0.431,0.327,,98,-15.1,-28.7,21,19.6,29,2472,5423,6162,1352,822,295,13,222,786,756,553,22,1425,105,45,35,129,36,24,0.249,1681,1429,909,126,24111,8861,15250,116,59,6,9.00%,23.10%,0.39,0.328,0.431,0.759,0.182,0.296,1.18,22.60%,41.80%,35.60%,8.80%,15.50%,6.90%,10.20%,0.327,61.4,808,-13.6,-16.5,192.6,37.5,195.7,19.6,$157.00,3.2,98,-4.2,-110.22,106.01,24.81,2.03,0.98,1.26,299,0.09,-4.38,51.40%,93.2,19.20%,84.4,5.70%,89,11.00%,78.7,11.60%,84.8,1.20%,85.1,,,0.40%,,54.5,-29.5,10.2,7.8,9.7,-0.6,,0.44,-0.63,0.75,0.29,0.35,-0.21,,31.70%,69.20%,47.00%,62.10%,85.50%,76.20%,40.90%,60.60%,11.20%,-15.1,35.00%,,5.90%,1.20%,,16.10%,18.60%,9.70%,1.90%,,11.50%,,,,93.5,,89.3,84.8,,92.3,84.5,78.4,80.5,,84.8,,,-2.1,,0.9,-4.9,,-4.4,1.5,2.4,3.2,,-3.9,,,9.2,,5.1,1.6,,5.7,1.2,-5.2,-6,,4,,,39.2,,-3,-0.3,,2.5,-21.8,10.7,-3,,4.5,,,0.47,,-0.21,-0.09,,0.06,-0.49,0.46,-0.64,,0.16,,,28.10%,66.20%,47.00%,55.40%,84.90%,76.10%,49.80%,,21,-7.9,-6.9,23 - 37,-28.7,10.7,-0.3,41.00%,34.10%,24.90%,15.00%,51.20%,33.80%,35.70%,11.60%,,11.10%,36.40%,5.70%,1.20%,,,14.80%,19.20%,,85,,78.9,93.7,89.3,85.1,,,92.4,84.6,,-3.6,,2.8,-1.7,1.5,-4.3,,,-4.6,1.9,,2.6,,-7.2,8.2,3.8,0.5,,,4.2,-0.1,,4.4,,6.6,50.3,-3.1,-0.3,,,-6.4,-22.2,,0.16,,0.25,0.57,-0.22,-0.1,,,-0.18,-0.48,,28.50%,65.40%,47.00%,55.60%,85.00%,76.10%,50.20%,,1.4,100,98,104,101,103,106,100,108,98,98,114,102,97,101,92,101,103,88.4,13.2,347,8.50%,114.1,1550,38.00%,4079,15.90%,27.10%,,,,1352,822,295,13
LAD,2459,6239,237,830,799,65,9.80%,22.60%,0.185,0.284,0.244,0.33,0.429,0.327,,106,9.3,54.9,33.7,29.5,28,2459,5445,6239,1330,822,247,24,237,830,799,613,36,1408,104,45,32,96,65,17,0.244,1644,1618,809,131,24466,9124,15342,140,43,3,9.80%,22.60%,0.44,0.33,0.429,0.759,0.185,0.284,1.02,19.90%,40.40%,39.70%,8.10%,14.60%,8.50%,7.00%,0.327,60.3,816,45.6,-7.3,195,40.9,294.4,29.5,$236.20,4.5,106,4.77,-106.04,110.81,121.1,12.54,0.96,1.29,274,6.88,-1.93,50.70%,93.3,21.60%,84.8,5.90%,88.8,9.70%,79.3,10.50%,85.4,1.40%,85.6,0.00%,62.5,0.50%,,71.6,-11.4,0.4,-5.9,15.4,2.5,0.2,0.58,-0.22,0.03,-0.25,0.6,0.73,8.69,27.80%,68.60%,45.40%,61.60%,85.00%,76.90%,43.10%,59.80%,10.50%,9.3,35.40%,,6.10%,1.40%,,15.00%,21.10%,8.60%,1.80%,,10.60%,,,,93.6,,88.6,85.3,,92.7,85,78.8,81.3,,85.4,,,-1.7,,0.5,-5.8,,-3.5,1.5,2.4,2.7,,-3.1,,,9,,4.6,2.8,,5.2,1.3,-4.8,-5.9,,3.6,,,45.9,,3.8,0.4,,14.9,-15.1,-6.6,-6.9,,11.7,,,0.53,,0.25,0.13,,0.41,-0.29,-0.32,-1.58,,0.45,,,23.50%,65.60%,45.40%,53.80%,84.40%,76.80%,51.90%,,33.7,0.7,2.5,22 - 41,54.9,10.9,6.1,41.70%,34.20%,24.10%,14.10%,50.60%,35.40%,36.20%,10.30%,0.00%,9.80%,36.30%,5.10%,1.70%,,,14.50%,22.30%,0.00%,85.4,69.2,79.3,93.7,89.1,85.5,,,92.5,84.9,86.2,-2.8,6.3,2.8,-1.5,0.5,-5.8,,,-3.4,1.9,-2.1,2.2,-9.9,-6.9,8,3.9,1.6,,,3.5,-0.2,1.5,12.1,0,-12.9,44.4,-1,-0.9,,,20.9,-14.4,0.1,0.48,0.78,-0.54,0.5,-0.08,-0.23,,,0.59,-0.26,0.58,24.10%,64.50%,45.40%,53.40%,84.70%,76.80%,52.60%,,4.4,98,107,101,101,102,108,97,95,95,109,107,104,97,98,86,100,108,89.5,14.7,360,8.80%,115.3,1653,40.20%,4114,17.10%,27.60%,,,,1330,822,247,24
WSN,2386,6113,182,724,686,56,9.40%,21.30%,0.159,0.307,0.258,0.337,0.417,0.326,,101,-25.4,-19.3,9.5,19.2,29,2386,5385,6113,1388,914,272,20,182,724,686,573,43,1303,84,31,38,158,56,26,0.258,1929,1254,890,106,23472,8599,14873,109,78,12,9.40%,21.30%,0.44,0.337,0.417,0.754,0.159,0.307,1.54,21.90%,47.40%,30.80%,8.50%,14.50%,5.70%,15.40%,0.326,54.4,795,6.1,-26.5,191,35.9,191.8,19.2,$153.90,3.7,101,-4.81,-114.08,109.27,2.29,0.4,1.02,1.25,282,-0.38,-4.33,51.10%,93.8,20.00%,85.1,5.20%,88.2,10.80%,79.2,11.50%,85.4,1.40%,85.6,,,0.70%,,62,-6,-9,-4.6,6.8,-6.5,,0.52,-0.13,-0.74,-0.18,0.25,-1.97,,29.20%,68.00%,45.70%,62.70%,86.00%,77.40%,42.50%,60.90%,10.30%,-25.4,35.60%,,5.40%,1.50%,,15.50%,19.20%,9.60%,1.80%,,11.30%,,,,93.8,,88.4,85.6,,93.6,85.2,78.7,81.5,,85.4,,,-2,,0.6,-6.2,,-3.8,1.3,1.8,3.3,,-3.7,,,9.2,,4.6,1.9,,5.4,1.2,-4.9,-5.9,,3.9,,,40.1,,-4,-5.5,,11.5,-21.3,-8.9,1.2,,3.1,,,0.48,,-0.32,-1.57,,0.32,-0.47,-0.39,0.29,,0.12,,,24.80%,65.60%,45.70%,55.30%,85.30%,77.40%,51.20%,,9.5,-4.9,-9.9,21 - 37,-19.3,10.7,-10.6,37.10%,37.70%,25.20%,16.30%,52.00%,31.80%,33.70%,11.40%,0.00%,10.80%,36.00%,4.90%,1.50%,,,15.00%,20.30%,0.00%,85.4,74.7,79,94,88.5,85.9,,,93.7,85.4,78.5,-3.5,8.3,2.1,-1.8,1,-6.2,,,-4,1.5,-4.7,2.3,-9.4,-7.1,8.1,3.7,1,,,3.9,-0.3,-1.1,-0.4,0.1,-9,42.6,-15.3,-3.5,,,11,-5.2,0,-0.01,3.22,-0.36,0.51,-1.33,-0.98,,,0.31,-0.11,2.01,25.20%,64.40%,45.70%,55.20%,85.40%,77.40%,52.20%,,-6.8,104,102,96,103,99,93,104,104,111,85,106,92,107,102,99,102,97,88.6,9.5,288,6.90%,116.6,1626,39.20%,4153,17.30%,27.60%,,,,1388,914,272,20
ATL,2392,6056,239,790,762,59,9.10%,24.00%,0.191,0.288,0.244,0.319,0.435,0.323,,98,5.4,-8.2,28.8,22.1,29,2392,5363,6056,1307,779,269,20,239,790,762,549,36,1453,67,43,32,81,59,19,0.244,1586,1520,830,133,23528,8515,15013,114,48,6,9.10%,24.00%,0.38,0.319,0.435,0.754,0.191,0.288,1.04,21.10%,40.30%,38.60%,8.80%,15.70%,7.20%,12.50%,0.323,39.2,773,-13.6,-7.9,189.3,36.7,220.4,22.1,$176.80,4.1,98,0.04,-106.15,106.19,63.17,6.39,0.98,1.23,272,2.22,-2.17,51.80%,93.5,19.80%,85.1,6.80%,88.7,9.20%,78.5,11.00%,85.3,1.40%,86.1,,,0.60%,,20.2,-11.9,0.4,13.5,29.5,-0.4,,0.17,-0.26,0.03,0.63,1.14,-0.11,,32.00%,73.50%,49.30%,62.00%,83.10%,75.10%,41.70%,60.80%,12.30%,5.4,35.30%,,6.80%,1.30%,,16.30%,19.10%,7.80%,2.20%,,11.20%,,,,93.5,,88.6,86.4,,93.6,85.3,78.1,80.4,,85.2,,,-2.2,,0.5,-5.3,,-4.6,1.7,2.8,3.2,,-3.4,,,9,,4.9,2.3,,5.6,1.4,-4.6,-5.9,,3.8,,,31.2,,-7,-1.5,,-18.9,-4.6,7.3,0.3,,24.1,,,0.38,,-0.44,-0.51,,-0.49,-0.1,0.4,0.05,,0.91,,,27.70%,70.30%,49.30%,55.00%,82.60%,75.00%,50.80%,,28.8,-0.8,0.9,22 - 38,-8.2,10.6,5.3,41.90%,34.60%,23.40%,15.60%,51.20%,33.20%,37.00%,11.00%,0.00%,9.20%,35.90%,6.70%,1.40%,,,15.80%,20.10%,,85.2,62.7,78.7,93.5,88.6,86.3,,,93.4,85.2,,-3.3,0.3,2.6,-2.1,0.6,-4.9,,,-4.5,2.2,,2.4,-8.2,-7,8,3.9,1.2,,,4.1,0,,25.1,0.1,8.1,27.6,-0.9,-0.5,,,-16.1,-11.9,,0.98,3.58,0.37,0.33,-0.06,-0.17,,,-0.44,-0.25,,28.10%,69.60%,49.40%,55.00%,82.70%,75.00%,51.30%,,-0.4,98,99,108,98,103,112,98,101,94,106,115,104,99,95,95,101,101,89.4,13.8,391,9.80%,117.9,1618,40.60%,3987,14.20%,26.50%,,,,1307,779,269,20
TBR,2389,6213,222,857,810,88,9.40%,24.80%,0.186,0.294,0.243,0.321,0.429,0.322,,109,11.2,82.7,5.4,30,28,2389,5507,6213,1336,790,288,36,222,857,810,585,27,1542,72,41,6,75,88,42,0.243,1698,1539,752,168,24326,8960,15366,150,23,9,9.40%,24.80%,0.38,0.321,0.429,0.75,0.186,0.294,1.1,18.90%,42.60%,38.60%,10.90%,14.40%,8.80%,39.10%,0.322,40.9,793,71.4,21.4,194.2,-16,298.8,30,$239.70,5,109,8.69,-107.87,116.56,143.47,14.71,1,2,120,9.1,-0.41,50.60%,93.6,18.70%,84.5,6.70%,88.4,10.20%,79.8,12.20%,84.8,1.60%,86.5,,,0.40%,,52.9,-4.2,3.6,14.3,7.2,-4.3,,0.43,-0.09,0.22,0.58,0.24,-1.1,,30.70%,70.50%,47.40%,60.90%,81.70%,73.90%,41.80%,60.10%,12.40%,11.2,34.50%,,7.00%,1.80%,,15.80%,18.30%,8.10%,2.40%,,12.10%,,,,93.7,,88.5,86.2,,93.1,84.6,79.4,80.7,,84.7,,,-1,,0.4,-6.5,,-2.7,1,1.6,3.4,,-2.1,,,10,,5.1,2.3,,5.8,1.5,-4.3,-6.6,,4.9,,,9.7,,9.2,-6.9,,30.8,-8.9,7.9,-1,,11.2,,,0.12,,0.54,-1.57,,0.8,-0.2,0.4,-0.16,,0.38,,,26.40%,67.70%,47.40%,53.30%,81.50%,73.70%,50.70%,,5.4,-4.9,5.3,20 - 41,82.7,16.5,10.8,39.90%,36.10%,24.00%,17.70%,49.10%,33.20%,37.80%,11.90%,,10.00%,35.50%,6.60%,1.90%,,,15.00%,19.10%,0.00%,85,,80,94,88.6,86.6,,,93.4,84.8,85.2,-1.9,,2.1,-0.8,0.2,-6,,,-2.7,1.4,-0.4,3.1,,-7.1,8.5,3.6,0.6,,,4.1,-0.1,8.7,6.2,,9.2,9.3,0.8,-6.4,,,31,0.4,0,0.21,,0.38,0.11,0.05,-1.36,,,0.85,0.01,1.02,26.70%,66.80%,47.40%,53.60%,81.30%,73.70%,51.50%,,5,99,111,108,101,103,110,101,92,100,104,106,99,104,96,109,95,103,88.9,12.6,335,8.30%,117.5,1596,39.80%,4014,15.60%,28.00%,,,,1336,790,288,36
MIN,2356,6078,228,729,690,54,8.60%,23.10%,0.182,0.282,0.241,0.314,0.423,0.318,,101,-3.1,2.3,-35.2,17.4,28,2356,5431,6078,1311,795,271,17,228,729,690,525,17,1405,70,42,7,122,54,15,0.241,1710,1497,844,149,23515,8706,14809,86,24,5,8.60%,23.10%,0.37,0.314,0.423,0.738,0.182,0.282,1.14,20.80%,42.20%,37.00%,10.00%,15.20%,5.00%,20.80%,0.318,15.7,752,5.4,-19.8,189.9,-15.4,173.3,17.4,$139.00,3.9,101,-6.23,-110.93,104.7,-15.02,-1.52,0.99,1.58,111,-3.51,-2.77,48.60%,93.7,22.00%,85.1,5.60%,88.4,8.90%,79.6,13.50%,84.6,1.30%,85.8,,,0.30%,,55.6,-25.3,-5.3,-3.2,-16.7,-0.4,,0.49,-0.49,-0.4,-0.15,-0.52,-0.15,,30.60%,69.40%,46.80%,62.40%,84.30%,75.90%,41.70%,60.40%,11.30%,-3.1,31.90%,,6.80%,1.50%,,16.30%,21.00%,7.20%,1.90%,,13.50%,,,,94.1,,88.8,85.9,,92.9,84.9,79,81.2,,84.5,,,-1.6,,0.6,-6.7,,-2.8,1.1,1.5,2.8,,-1.2,,,9.5,,4.7,3.2,,5.7,1,-5.5,-6.3,,4.6,,,55.5,,-10.5,-1.3,,-6.5,-29.8,-1.8,-0.5,,-19.8,,,0.74,,-0.65,-0.38,,-0.17,-0.6,-0.1,-0.11,,-0.62,,,26.50%,66.90%,46.80%,55.30%,83.90%,75.80%,50.20%,,-35.2,-0.2,1.1,22 - 40,2.3,16.2,-4,43.50%,33.60%,22.90%,15.10%,50.90%,34.00%,35.50%,13.30%,,8.70%,33.10%,7.10%,1.50%,,,15.60%,20.70%,,84.6,,79.6,94.2,88.4,86.1,,,93.1,84.9,,-1.2,,1.9,-1.4,0.8,-6.4,,,-2.9,1.3,,3.1,,-7.6,8.4,3.3,1.7,,,4.3,-0.4,,-19,,-4.7,58.1,-10.1,-1.5,,,-13.2,-25,,-0.61,,-0.23,0.75,-0.61,-0.42,,,-0.36,-0.51,,27.10%,66.00%,46.80%,55.20%,84.10%,75.80%,50.60%,,5.9,98,102,101,99,102,107,97,102,99,100,112,108,97,92,92,99,106,89.9,13.1,416,10.20%,117.1,1685,41.30%,4078,16.10%,27.30%,,,,1311,795,271,17
NYY,2354,6060,222,711,666,63,10.20%,24.50%,0.169,0.285,0.237,0.322,0.407,0.317,,101,-15.1,-6.2,-17.9,18.2,29,2354,5331,6060,1266,819,213,12,222,711,666,621,14,1482,63,34,10,154,63,18,0.237,1675,1432,751,140,24803,9426,15377,97,35,12,10.20%,24.50%,0.42,0.322,0.407,0.729,0.169,0.285,1.17,19.50%,43.40%,37.10%,9.80%,15.50%,5.80%,34.30%,0.317,13.3,747,8.9,-2.8,189.4,-15.1,181.4,18.2,$145.50,3.6,101,1.71,-110.7,112.41,-21.69,-2.12,1.02,1.89,94,-0.76,2.44,51.00%,93.8,21.20%,84.9,6.50%,88.4,8.60%,79.3,11.00%,84.4,1.70%,87.6,,,0.20%,,13.6,-13.5,-6.6,9.1,-25.7,1.6,,0.11,-0.26,-0.41,0.43,-0.95,0.38,,28.30%,66.90%,44.40%,61.70%,83.00%,75.10%,41.80%,58.20%,11.10%,-15.1,34.50%,,7.00%,1.70%,,16.20%,20.70%,6.70%,2.10%,0.00%,11.10%,0.00%,,,93.9,,88.7,86.9,,93.4,85,78.4,80.8,52.9,84.4,82.3,,-1.6,,0.8,-5.9,,-3,1.8,0.9,3.2,2.1,-0.3,-5.9,,9.6,,4.9,2.4,,5.5,1.2,-5.5,-6.7,11.7,4.3,-1.1,,17.2,,-15.7,-1.8,,-11.7,-2.8,0.4,2.3,0,-25.2,-0.1,,0.2,,-0.91,-0.43,,-0.29,-0.05,0.03,0.45,-4.11,-0.93,-12,,23.80%,64.60%,44.40%,54.00%,82.60%,75.00%,50.50%,,-17.9,0,-3.7,22 - 38,-6.2,16.1,-11.4,38.90%,35.00%,26.10%,16.30%,51.60%,32.20%,38.40%,10.90%,0.00%,8.60%,36.10%,6.50%,1.80%,,0.00%,14.80%,21.20%,0.00%,84.5,71.1,79.2,94.1,88.5,86.9,,83.1,93.5,85,79.3,-0.3,5.8,1.8,-1.4,0.9,-5.7,,-5.7,-3.2,2.1,0.7,2.8,-6.8,-7.8,8.4,3.5,1.1,,-2.8,3.9,-0.2,-0.1,-23.8,-0.4,3.5,13.2,-12.4,-3.8,,-0.1,-8.8,-7.2,0.2,-0.88,-5.2,0.17,0.15,-0.78,-0.88,,-12,-0.24,-0.14,5.67,24.60%,63.40%,44.40%,54.60%,82.60%,75.00%,51.10%,,3,97,121,107,102,98,100,98,95,102,100,114,97,101,104,99,100,100,89.9,12.5,380,9.80%,122.2,1650,42.40%,3894,17.40%,28.50%,,,,1266,819,213,12
COL,2344,6007,182,739,709,76,8.20%,22.60%,0.165,0.299,0.249,0.317,0.414,0.315,,82,12.4,-125.4,77.6,15.1,28,2344,5374,6007,1338,847,275,34,182,739,709,491,24,1356,58,36,48,98,76,23,0.249,1795,1404,815,123,22881,8007,14874,121,88,10,8.20%,22.60%,0.36,0.317,0.414,0.731,0.165,0.299,1.28,20.30%,44.70%,35.00%,8.80%,13.00%,6.70%,11.40%,0.315,-3.2,724,-137.8,47.6,187.7,30,150.4,15.1,$120.70,4.8,82,-8.37,-112.56,104.19,-62.48,-6.91,1.01,1.18,278,-6.81,-1.47,51.80%,93.2,19.20%,84.4,7.40%,88.4,9.20%,79.7,11.20%,84.6,1.10%,85.8,,,0.40%,,32.6,-27.1,-12.9,10.6,5.6,-1.3,,0.28,-0.62,-0.76,0.5,0.22,-0.48,,32.80%,70.50%,48.80%,62.40%,85.10%,76.40%,42.60%,61.50%,11.50%,12.4,37.50%,,8.10%,1.30%,,14.00%,18.00%,8.10%,2.00%,,10.90%,,,,93.4,,88.3,85.6,,92.7,84.5,79.1,81.1,,84.8,,,-1.7,,0.5,-4.4,,-3.1,2,2.1,3.6,,-2.1,,,8.5,,4.2,2.5,,4.8,0.7,-4.4,-6,,3.3,,,23.4,,-13.1,-2.9,,-5.9,-25.2,0.7,3.1,,2.9,,,0.27,,-0.7,-0.97,,-0.18,-0.61,0.04,0.7,,0.12,,,28.90%,67.30%,48.80%,55.60%,84.50%,76.30%,51.90%,,77.6,0.9,8.3,22 - 36,-125.4,10.5,3.2,36.70%,36.00%,27.30%,17.10%,50.00%,32.90%,33.80%,11.00%,0.00%,9.90%,37.50%,7.20%,1.30%,,,14.10%,18.90%,0.00%,84.7,69.5,79.7,93.6,88.9,85.6,,,92.6,84.7,86.3,-2.1,4.4,2.8,-1.4,0.6,-4.3,,,-3.4,2.2,-4.8,2.4,-7.1,-6,8,4,1.7,,,3.6,-0.1,5.3,-0.5,0.6,4.1,30.1,-14.7,-1.6,,,-7.5,-26,0,-0.02,29.93,0.18,0.35,-0.9,-0.52,,,-0.23,-0.6,3.58,29.60%,66.60%,48.80%,56.40%,84.40%,76.30%,51.90%,,0.7,100,89,101,97,99,97,101,97,105,96,95,91,102,111,105,99,100,87.7,11.3,270,6.60%,114.7,1477,36.00%,4102,15.80%,27.30%,,,,1338,847,275,34
PHI,2394,6089,198,734,700,77,9.30%,23.00%,0.168,0.286,0.24,0.318,0.408,0.313,,93,7.8,-47.6,32.6,18.6,28,2394,5366,6089,1288,804,262,24,198,734,700,564,37,1402,67,43,47,103,77,19,0.24,1763,1383,804,151,23823,8530,15293,143,104,25,9.30%,23.00%,0.4,0.318,0.408,0.726,0.168,0.286,1.27,20.40%,44.60%,35.00%,10.90%,14.30%,8.10%,24.00%,0.313,-10.1,727,-55.5,-3,190.3,35.6,185.9,18.6,$149.10,4.6,93,0.6,-107.32,107.92,8.9,0.61,1,1.26,275,-2.61,3.2,52.10%,93.7,20.20%,84.5,6.20%,88.4,9.60%,78.8,10.80%,85.7,1.10%,86.3,0.10%,62.5,0.60%,,-16.5,-10.9,1.9,3,17.3,4,1.8,-0.13,-0.23,0.13,0.13,0.67,1.47,12,31.20%,68.60%,47.40%,64.00%,83.80%,76.40%,43.20%,61.00%,11.20%,7.8,35.30%,,6.80%,1.30%,,16.60%,19.00%,9.40%,1.00%,,10.60%,,0.10%,,93.8,,88.1,86.6,,93.5,84.6,78.5,81.8,,85.6,,60,-1.8,,0.2,-6.5,,-3.8,0.8,2.1,2.6,,-3.3,,1,9.5,,4.6,2.8,,5.7,1.2,-4.7,-5.3,,3.7,,6.8,-14.9,,-7.5,1.7,,-9.8,-10.7,5.3,-0.9,,15.5,,1.7,-0.18,,-0.47,0.56,,-0.25,-0.24,0.24,-0.4,,0.62,,14.55,26.80%,66.60%,47.40%,57.80%,83.30%,76.30%,51.70%,,32.6,2.6,3.4,22 - 36,-47.6,10.6,1.8,38.90%,34.90%,26.10%,17.60%,51.40%,31.00%,35.50%,10.70%,0.00%,9.60%,36.50%,6.20%,1.20%,0.10%,,15.40%,20.30%,0.00%,85.7,74.9,79.2,93.8,88.3,86.4,61.5,,93.5,84.7,89.1,-3.1,7.9,2.2,-1.6,0.3,-5.8,2.1,,-3.7,1.1,-4.1,2.2,-10.2,-6.9,8.3,3.7,1,4.9,,4,-0.3,5.4,15.3,0.4,2.3,-4.6,-7.5,2.9,1.8,,-15.9,-13,0,0.6,8.96,0.1,-0.05,-0.51,1.04,12.67,,-0.43,-0.27,0.37,27.40%,65.60%,47.40%,58.00%,83.30%,76.40%,52.30%,,6.2,96,101,103,97,97,98,97,97,105,96,105,97,100,106,108,101,94,88.4,11.6,294,7.20%,116.3,1493,36.80%,4056,16.30%,27.50%,,,,1288,804,262,24
OAK,2353,6104,199,743,698,88,8.90%,22.10%,0.168,0.278,0.238,0.317,0.406,0.313,,102,11.8,23.9,-3.5,22.8,30,2353,5395,6104,1284,795,271,19,199,743,698,545,17,1349,98,49,17,99,88,20,0.238,1664,1589,825,167,23968,8762,15206,105,34,6,8.90%,22.10%,0.4,0.317,0.406,0.723,0.168,0.278,1.05,20.20%,40.80%,39.00%,10.50%,12.50%,6.30%,17.60%,0.313,-7,732,12.1,14,190.8,-17.5,227.3,22.8,$182.30,4.5,102,3.57,-107.04,110.61,30.48,3.07,1,1.48,158,1.86,1.72,51.30%,93.3,19.60%,84.3,6.00%,88.2,11.20%,79.3,10.10%,84.2,1.70%,86.5,,,0.20%,,-0.5,17.6,-13.1,-9.6,6.5,-0.8,,0,0.37,-0.91,-0.36,0.27,-0.19,,29.90%,69.70%,46.90%,62.90%,85.00%,76.90%,42.60%,59.20%,10.80%,11.8,36.60%,,7.00%,1.80%,,14.30%,18.70%,9.20%,2.20%,0.00%,10.10%,,,,93.5,,88.2,86,,92.8,84.3,78.8,80.8,31.8,84.2,,,-1.7,,0.4,-6.6,,-3.1,1.6,0.7,2.8,-3.3,0,,,9.7,,4.8,3.1,,5.7,1.4,-5.2,-6.3,8.4,4.5,,,0.2,,-6.9,-0.6,,-6.2,3.4,-12.7,4.8,0.4,3.1,,,0,,-0.41,-0.13,,-0.18,0.07,-0.57,0.92,6.79,0.13,,,25.90%,66.70%,46.90%,56.60%,84.20%,76.80%,51.50%,,-3.5,4.4,2.7,23 - 38,23.9,16.2,4.7,41.10%,35.90%,23.10%,16.70%,51.90%,31.40%,34.30%,10.00%,0.00%,11.40%,38.00%,6.80%,1.90%,,,13.30%,18.50%,0.00%,84.3,68.2,79.4,93.7,88,86,,,92.9,84.4,86.7,0.2,8.2,1.5,-1.3,0.5,-6,,,-3.3,2.1,3.9,2.8,-10.4,-7.3,8.5,3.2,1.5,,,3.9,-0.2,3.7,2.6,0,-11.1,-0.1,-2.5,-0.3,,,-10.2,5.8,0.1,0.11,-0.63,-0.4,0,-0.15,-0.07,,,-0.32,0.13,1.32,26.10%,66.20%,46.90%,56.50%,84.30%,76.80%,51.80%,,9,97,105,97,100,98,99,96,99,96,105,92,102,103,92,102,101,98,89,14.1,358,8.70%,115.3,1623,39.50%,4112,16.40%,27.30%,,,,1284,795,271,19
SDP,2497,6119,180,729,695,110,9.60%,21.60%,0.159,0.287,0.242,0.321,0.401,0.312,,97,0.7,-20.2,5.1,18.7,28,2497,5384,6119,1305,831,273,21,180,729,695,586,42,1324,61,46,36,121,110,39,0.242,1843,1407,824,171,23760,8797,14963,127,68,11,9.60%,21.60%,0.44,0.321,0.401,0.722,0.159,0.287,1.31,20.20%,45.20%,34.50%,12.20%,12.80%,6.90%,16.20%,0.312,-13.7,727,-21,-20,191.2,25.2,186.8,18.7,$149.80,4.5,97,-3.95,-107.21,103.26,24.18,2.65,1,1.26,305,-0.34,-3.61,52.50%,93.6,19.90%,85,6.80%,89.2,8.80%,79.1,10.50%,85.2,1.50%,85.3,0.10%,57.2,0.60%,,3.7,-16.1,-8.5,9.6,-8.1,4.5,0.3,0.03,-0.34,-0.53,0.46,-0.33,1.26,1.33,28.20%,67.20%,44.90%,62.30%,86.20%,77.60%,42.70%,60.40%,10.10%,0.7,35.50%,,6.60%,1.70%,,16.90%,19.60%,7.40%,2.10%,,10.20%,,,,93.8,,89,85.1,,93.2,85.2,78.5,81.1,,85.1,,,-2.5,,0.7,-6.8,,-4,1.7,1.6,3.7,,-3,,,9.4,,5.3,2.1,,5.5,1.4,-4.7,-7.2,,3.9,,,-2.7,,-10,0.6,,-3.6,-10.9,5,-2.6,,-7.3,,,-0.03,,-0.64,0.15,,-0.09,-0.23,0.29,-0.53,,-0.3,,,24.30%,64.30%,44.90%,54.70%,85.70%,77.60%,51.50%,,5.1,0.7,3,21 - 37,-20.2,10.7,-3,39.30%,35.80%,24.90%,17.80%,50.30%,31.90%,34.20%,10.40%,,8.80%,35.70%,7.00%,1.60%,,,16.80%,19.80%,,85.2,,79.2,93.8,89.1,85.2,,,93,85.1,,-2.7,,2.8,-2.2,0.9,-6.5,,,-3.6,2.2,,2.3,,-7.4,8.3,3.8,0.5,,,3.8,-0.1,,-8.6,,3.9,-0.8,-10.2,2.5,,,-4.7,-14,,-0.35,,0.19,-0.01,-0.62,0.68,,,-0.12,-0.3,,24.80%,63.50%,44.90%,55.20%,85.60%,77.60%,52.00%,,-2.7,97,104,97,98,95,93,97,97,106,95,94,98,102,101,109,99,97,89.4,10.5,314,7.60%,119.6,1675,40.40%,4148,17.60%,27.70%,,,,1305,831,273,21
STL,2384,6001,198,706,678,89,8.00%,22.30%,0.168,0.287,0.244,0.313,0.412,0.312,,97,11.7,-11,60.5,24.8,28,2384,5351,6001,1303,822,261,22,198,706,678,478,32,1341,86,44,40,99,89,22,0.244,1632,1567,827,154,23222,8235,14987,117,67,10,8.00%,22.30%,0.36,0.313,0.412,0.725,0.168,0.287,1.04,20.50%,40.50%,38.90%,9.80%,12.60%,7.20%,14.90%,0.312,-18.2,709,-22.7,26.1,187.5,34.4,247.5,24.8,$198.60,4.5,97,1.27,-94.78,96.05,11.8,1.39,0.89,0.88,256,2.85,-1.43,51.60%,93.4,20.70%,84.9,4.80%,89.3,10.80%,79.4,11.00%,85.2,1.10%,85.5,,,0.50%,,-15.8,-7.7,1.4,3.1,16.1,-2.5,,-0.13,-0.16,0.12,0.13,0.63,-0.94,,31.50%,68.20%,47.00%,64.20%,84.40%,76.60%,42.30%,60.20%,11.00%,11.7,34.00%,,5.20%,1.10%,,17.30%,20.20%,8.90%,2.30%,0.00%,11.00%,,,,93.6,,89.3,85.3,,93,85,78.9,80.6,46.6,85.2,,,-2.3,,0.6,-5.7,,-6.1,2,2.7,2.9,0.9,-3.9,,,9.1,,4.5,2.6,,5.4,1.1,-5,-6.1,5.8,3.6,,,-27,,5.6,-1.3,,6,-19.9,5,-1.8,-0.6,10,,,-0.34,,0.46,-0.48,,0.15,-0.43,0.24,-0.34,-14.19,0.39,,,27.10%,66.00%,47.00%,57.50%,84.00%,76.50%,51.20%,,60.5,3.9,5.5,22 - 39,-11,10.5,2.3,42.00%,34.30%,23.70%,16.00%,51.70%,32.30%,33.60%,10.90%,0.00%,10.80%,34.90%,5.60%,1.20%,,,16.70%,19.80%,0.00%,85.4,76.4,79.7,93.9,89.1,85.6,,,93.2,85.2,87.4,-3.7,8.3,3,-2.1,1.2,-5.4,,,-5.8,2.4,-0.6,2.1,-11.5,-7,8,3.1,1.4,,,3.9,-0.4,1.3,13,1.3,5.7,-25.8,-1.6,-4.2,,,5.8,-17,0,0.51,31.81,0.23,-0.32,-0.12,-1.49,,,0.15,-0.37,-0.86,27.60%,64.80%,47.00%,57.80%,83.80%,76.50%,52.20%,,-7.9,98,87,100,96,98,98,97,98,95,107,92,104,98,96,98,102,98,88.7,14,323,7.90%,115,1523,37.20%,4096,17.20%,28.20%,,,,1303,822,261,22
CHC,2475,5972,210,705,672,86,8.40%,26.70%,0.171,0.296,0.237,0.312,0.407,0.311,,92,-8.6,-71.6,27,15.3,29,2475,5306,5972,1255,794,225,26,210,705,672,502,17,1596,92,30,40,133,86,37,0.237,1648,1342,725,142,23541,8505,15036,108,64,8,8.40%,26.70%,0.31,0.312,0.407,0.719,0.171,0.296,1.23,19.50%,44.40%,36.10%,10.60%,15.60%,6.60%,12.50%,0.311,-19.7,704,-63,-4.8,186.6,31.8,152.5,15.3,$122.30,4.5,92,-5.52,-108.8,103.28,-23.7,-2.4,0.99,1.24,306,-4.75,-0.81,51.20%,93.7,20.90%,84.6,6.60%,88.5,8.60%,79.2,11.00%,85,1.70%,85.1,,,0.30%,,15,-38.6,0.1,4.1,2.4,-13.4,,0.12,-0.78,0.01,0.2,0.09,-3.35,,31.60%,67.20%,46.50%,58.30%,83.60%,73.60%,41.80%,60.60%,12.30%,-8.6,37.10%,,7.00%,1.50%,,14.00%,20.30%,7.60%,1.20%,,11.20%,,,,93.7,,88.5,85.3,,93.3,84.7,78.6,81.1,,85,,,-2.3,,0.4,-6,,-4,1.7,3.1,3.4,,-2.5,,,9.3,,4.9,3.2,,5.6,1.2,-5.4,-6.6,,3.8,,,6,,-14.1,-14.6,,1.8,-24.1,-5.8,4.6,,-2.7,,,0.07,,-0.85,-4.12,,0.05,-0.5,-0.32,1.57,,-0.1,,,27.20%,65.30%,46.50%,50.20%,82.90%,73.40%,50.50%,,27,-3,1.9,24 - 37,-71.6,10.4,-7.5,40.80%,35.10%,24.10%,17.10%,50.80%,32.20%,38.60%,11.20%,0.00%,8.50%,38.40%,7.20%,1.60%,,,12.80%,20.20%,0.10%,85.1,74.8,79.3,94.1,88.3,85.6,,,93.2,84.7,89.5,-2.3,6.8,3.2,-2.1,0.5,-5.5,,,-3.9,2.1,-1.2,2.3,-9.1,-7.7,8.2,3.8,1.9,,,3.8,-0.3,3.2,-1.7,0.3,-0.6,3.4,-8.5,-13.4,,,-2.2,-30.8,0.2,-0.07,3.35,-0.03,0.04,-0.5,-3.6,,,-0.07,-0.64,1.12,27.80%,64.30%,46.50%,50.60%,82.80%,73.40%,51.20%,,-4.3,95,92,120,96,97,100,101,93,104,99,114,101,100,98,104,100,98,88.7,11.7,299,7.90%,116.7,1460,38.60%,3782,16.90%,29.20%,,,,1255,794,225,26
MIL,2403,6099,194,738,700,82,9.60%,24.00%,0.163,0.283,0.233,0.317,0.396,0.31,,91,8.5,-61,81.2,22.2,28,2403,5362,6099,1251,784,255,18,194,738,700,586,26,1465,88,35,25,102,82,21,0.233,1690,1405,816,130,24078,8858,15220,116,46,9,9.60%,24.00%,0.4,0.317,0.396,0.713,0.163,0.283,1.2,20.90%,43.20%,35.90%,9.30%,13.80%,6.90%,19.60%,0.31,-24.2,714,-69.5,45.5,190.6,35.7,221.5,22.2,$177.70,4.4,91,-2.91,-105.84,102.93,2.72,0.31,0.98,1.27,292,-4.38,1.41,51.90%,93.3,19.50%,84.9,5.70%,88.2,10.80%,78.8,10.40%,85.1,1.60%,85.4,0.00%,61,0.40%,,25.8,-39.4,-5.2,-9.3,8,0.8,0.9,0.21,-0.84,-0.37,-0.36,0.32,0.22,17.74,30.20%,68.00%,46.10%,60.30%,84.10%,75.10%,42.20%,59.60%,11.50%,8.5,36.60%,,5.60%,1.30%,,15.30%,19.20%,9.30%,1.80%,,10.90%,,,,93.6,,88,85.4,,92.7,85,78.3,80.5,,84.9,,,-2.2,,0.6,-4,,-4.6,1.4,3.4,3.8,,-4.4,,,9.2,,4.6,2.5,,5.5,1.2,-5.3,-6.3,,3.8,,,10.8,,-9.2,-0.6,,5.6,-39.8,-8.1,-0.4,,7.4,,,0.12,,-0.69,-0.18,,0.15,-0.86,-0.36,-0.1,,0.28,,,26.10%,65.60%,46.20%,52.40%,83.70%,75.00%,50.80%,,81.2,2.7,3.2,22 - 38,-61,10.6,2.6,40.20%,35.40%,24.40%,16.60%,51.20%,32.30%,36.80%,10.50%,0.00%,11.10%,37.30%,5.80%,1.50%,,,14.70%,18.90%,0.10%,84.9,76,78.8,93.6,87.8,85.6,,,92.5,84.9,91.4,-4.2,7,3.7,-2,1.2,-4.3,,,-4.5,1.6,-2.4,2.3,-10,-7.3,8.2,3.3,1.4,,,4,-0.2,3.7,5.8,0.2,-11.4,8.7,-14.1,1.7,,,8.1,-32.9,-0.3,0.23,3.4,-0.43,0.1,-1,0.47,,,0.23,-0.72,-1.65,26.70%,64.70%,46.10%,53.10%,83.70%,75.00%,51.20%,,12.5,94,105,108,97,94,95,96,100,101,99,101,100,101,99,101,101,98,88.4,12.5,299,7.60%,116.7,1512,38.20%,3960,16.80%,28.30%,,,,1251,784,255,18
LAA,2325,6016,190,723,691,79,7.70%,23.20%,0.162,0.294,0.245,0.31,0.407,0.308,,94,6.8,-35.2,-38.1,13.1,29,2325,5437,6016,1331,853,265,23,190,723,691,464,35,1394,59,25,30,107,79,26,0.245,1734,1427,865,151,23027,8001,15026,121,72,18,7.70%,23.20%,0.33,0.31,0.407,0.717,0.162,0.294,1.22,21.50%,43.10%,35.40%,10.60%,13.30%,7.00%,25.00%,0.308,-29.1,699,-42,-26.3,188,-11.8,130.7,13.1,$104.80,4.6,94,-3.52,-100.56,97.04,-14.45,-1.61,0.93,1.5,74,-2.49,-1.32,51.60%,93.5,21.10%,84.1,5.80%,87.9,9.20%,79.8,10.80%,84.4,1.40%,86,,,0.50%,,-33.4,2.7,6.6,-8.9,1.5,-3.5,,-0.28,0.06,0.5,-0.42,0.06,-1.09,,33.40%,67.40%,47.80%,64.40%,85.40%,77.00%,42.40%,61.50%,11.00%,6.8,34.10%,,6.00%,1.40%,,17.40%,20.60%,7.70%,2.10%,0.00%,10.80%,,,,93.7,,88,85.7,,92.9,84.2,79.2,81.7,45.9,84.3,,,-2.1,,0.7,-6.8,,-1.7,1.7,1.4,4,-3.9,-0.5,,,9.9,,4.8,2.6,,5.6,1.4,-5,-6.3,9.3,4.4,,,-31,,6,-6.5,,-12.7,-15.3,6.3,-8.5,-0.4,0.4,,,-0.4,,0.43,-2.02,,-0.32,-0.32,0.36,-1.79,-8.52,0.02,,,29.40%,65.50%,47.80%,58.50%,84.90%,76.90%,50.90%,,-38.1,0.3,4.4,21 - 41,-35.2,16,2.1,40.20%,34.30%,25.50%,17.10%,52.50%,30.40%,34.00%,10.80%,0.00%,9.30%,35.10%,5.90%,1.40%,,0.00%,16.50%,21.10%,0.00%,84.4,61,79.8,93.7,88,85.8,,77,93.1,84.1,93.3,-0.5,6.5,2.4,-1.7,0.7,-6.3,,9.8,-2,1.9,-7,2.8,-8.8,-7.2,8.6,3.5,0.9,,-2.1,4,-0.1,7.2,1.6,0,-5.7,-31.6,3.2,-6.2,,0,-16.6,-6.6,0,0.06,-1.87,-0.27,-0.39,0.24,-1.97,,2.85,-0.44,-0.14,-4.11,29.50%,64.80%,47.80%,58.00%,84.90%,76.90%,51.80%,,3.9,100,91,101,98,98,95,101,105,102,96,98,100,99,102,105,102,95,87.9,12.3,319,7.80%,119,1433,35.00%,4099,17.20%,28.20%,,,,1331,853,265,23
NYM,2419,5856,176,636,604,54,8.50%,23.80%,0.152,0.291,0.239,0.315,0.391,0.307,,96,-13.5,-40.8,28.8,18.2,29,2419,5210,5856,1243,821,228,18,176,636,604,495,25,1392,94,23,34,123,54,26,0.239,1673,1332,800,135,22385,7982,14403,127,70,13,8.50%,23.80%,0.36,0.315,0.391,0.705,0.152,0.291,1.26,21.00%,44.00%,35.00%,10.10%,13.20%,7.60%,18.60%,0.307,-39.2,670,-27.2,-4.4,183,33.2,181.2,18.2,$145.40,3.7,96,-7.43,-116.92,109.49,-17.24,-1.58,1.11,1.55,292,-2.85,-3.83,51.90%,93.7,17.80%,84.6,7.10%,88.6,10.40%,79.1,11.70%,85.2,1.10%,85.4,,,0.40%,,-6.5,-5.5,-12.7,-15.5,-12.6,5.4,,-0.06,-0.14,-0.8,-0.66,-0.48,2.18,,33.60%,71.50%,49.30%,61.40%,84.10%,75.10%,41.50%,61.10%,12.30%,-13.5,34.80%,,7.40%,0.90%,,17.00%,16.80%,9.40%,1.80%,,12.00%,,,,93.7,,88.4,85,,93.4,84.7,79,80.6,,85.2,,,-1.7,,0.5,-3.9,,-3.9,1,3.2,4,,-2.8,,,9.3,,4.6,2.4,,5.8,1.2,-4.9,-6.2,,4.1,,,-6,,-16.7,5.5,,-11.6,-7.2,-13.1,-2.1,,-17.5,,,-0.08,,-1,2.8,,-0.31,-0.19,-0.62,-0.52,,-0.65,,,28.80%,69.40%,49.30%,53.80%,83.70%,75.00%,50.40%,,28.8,-4.8,-9,23 - 41,-40.8,10.2,0.3,39.50%,34.70%,25.80%,17.00%,51.10%,31.90%,35.20%,11.50%,0.00%,10.40%,35.90%,6.60%,1.20%,,,16.00%,18.40%,0.00%,85.2,66.2,79.3,93.8,88.7,85.5,,,93.4,84.6,76.3,-2.5,8.4,3.4,-1.5,0.9,-4.3,,,-3.7,1.5,-0.5,2.7,-12.2,-7.1,8.3,3.8,1.3,,,4.3,-0.2,3.3,-13.7,0,-18.7,-10.1,-16,2.1,,,-8.2,-4.1,0,-0.53,4.02,-0.8,-0.13,-1.09,0.78,,,-0.23,-0.1,3.58,29.50%,68.40%,49.30%,54.40%,83.60%,75.00%,50.90%,,2.2,96,92,107,96,93,89,99,100,103,96,97,98,99,104,104,101,97,88.4,11.9,282,7.30%,118.4,1466,37.80%,3875,14.70%,27.00%,,,,1243,821,228,18
CLE,2300,5907,203,717,686,109,7.70%,23.50%,0.169,0.282,0.238,0.303,0.407,0.306,,93,7.4,-43.6,1,15.8,27,2300,5332,5907,1269,796,248,22,203,717,686,453,18,1387,64,36,20,105,109,17,0.238,1720,1441,790,157,23079,8262,14817,124,50,13,7.70%,23.50%,0.33,0.303,0.407,0.71,0.169,0.282,1.19,20.00%,43.50%,36.50%,10.90%,14.10%,7.20%,26.00%,0.306,-40.3,675,-51.1,15.6,184.6,-14.6,157.7,15.8,$126.50,5.2,93,-4.71,-104.52,99.82,-17.55,-1.75,0.96,1.11,89,-4.25,-0.66,49.60%,93.5,21.90%,84.3,6.00%,88,8.60%,79,12.40%,84.3,1.50%,85.7,,,0.30%,,-2.9,-16.3,-15,-3.3,1.6,1.7,,-0.03,-0.32,-1.08,-0.17,0.06,0.47,,32.20%,68.80%,47.50%,62.20%,84.20%,75.50%,41.70%,59.50%,11.60%,7.4,34.20%,,6.20%,1.40%,,15.40%,21.40%,6.90%,1.90%,,12.50%,,,,93.7,,87.9,84.9,,93,84.4,78.2,81.1,,84.4,,,-1.5,,0.6,-5,,-2.8,1.3,2.2,2.5,,-1.6,,,9.5,,4.7,2.6,,5.5,0.8,-5.1,-5,,4.4,,,7.9,,-15.1,-2,,-19.5,-16.1,-9.2,-1.1,,-1.2,,,0.1,,-1.04,-0.59,,-0.55,-0.33,-0.58,-0.26,,-0.04,,,28.60%,66.00%,47.50%,55.40%,84.00%,75.40%,50.50%,,1,10.2,-1,22 - 39,-43.6,15.7,-1.8,40.00%,34.90%,25.10%,16.40%,51.60%,32.00%,34.60%,12.30%,0.00%,8.20%,35.00%,6.70%,1.50%,,,14.40%,21.80%,0.00%,84.5,74.4,79,93.8,88.2,85.3,,,93.2,84.4,86.8,-1.6,6.2,2.3,-1.2,0.5,-5.1,,,-3.3,1.6,-3.2,3,-8.6,-7.3,8.4,3.6,1.3,,,4.1,-0.4,10.8,-3.4,-0.2,-8.3,7.3,-14.8,-1.2,,,-17.4,-18.6,0,-0.12,-3.03,-0.44,0.09,-0.97,-0.36,,,-0.52,-0.37,3.58,28.90%,65.30%,47.50%,55.70%,83.80%,75.40%,51.00%,,2.2,97,90,103,96,98,100,97,97,103,98,103,99,100,100,100,100,100,88.9,12.1,307,7.70%,114.9,1532,38.30%,4003,16.50%,28.10%,,,,1269,796,248,22
DET,2341,5979,179,697,675,88,8.20%,25.30%,0.158,0.3,0.242,0.308,0.399,0.306,,93,1.2,-53,-60.8,8.9,28,2341,5376,5979,1299,847,236,37,179,697,675,490,8,1514,44,50,17,113,88,25,0.242,1618,1397,879,145,23733,8409,15324,99,35,6,8.20%,25.30%,0.32,0.308,0.399,0.707,0.158,0.3,1.16,22.60%,41.60%,35.90%,10.40%,12.80%,6.10%,17.10%,0.306,-43.1,681,-54.2,-44.8,186.9,-16.1,88.9,8.9,$71.30,4.9,93,-8.51,-112.39,103.89,-47.17,-4.85,1.02,1.82,72,-7.45,-0.91,51.10%,93.5,19.10%,84.5,5.70%,89,9.80%,79.5,12.50%,84.2,1.80%,86.6,,,0.10%,,-21.6,-37.9,0.3,0.2,10,0.7,,-0.18,-0.84,0.03,0.01,0.34,0.17,,32.80%,69.30%,48.10%,60.90%,83.20%,74.40%,42.00%,61.10%,12.30%,1.2,37.90%,,6.70%,1.80%,,12.70%,18.40%,7.90%,2.00%,0.00%,12.60%,,,,93.6,,89.5,85.6,,92.6,84.4,78.8,81.8,51.5,84.3,,,-1.8,,1,-5.7,,-3.1,1.4,2.3,3,1.1,-1.1,,,9.6,,4.6,2.1,,5.6,1.1,-5.3,-6.8,10.4,4.5,,,-5.7,,-6,-0.9,,-24.2,-32.1,-0.7,-5.4,0,10.1,,,-0.06,,-0.38,-0.22,,-0.8,-0.73,-0.04,-1.15,-4.84,0.34,,,28.70%,67.30%,48.20%,55.00%,82.40%,74.30%,50.40%,,-60.8,2.4,0.5,22 - 38,-53,15.9,-1.7,39.10%,34.10%,26.70%,16.50%,52.80%,30.70%,36.50%,12.20%,0.00%,9.50%,38.90%,6.60%,2.00%,,,12.30%,18.50%,0.00%,84.4,71.3,79.6,93.8,88.8,85.6,,,92.8,84.4,89.5,-1,6.4,2.6,-1.6,1.2,-5.6,,,-3.5,1.7,2.2,3.1,-7.7,-7.4,8.4,3.3,1,,,4.2,-0.4,1.8,8.9,0.1,-2.7,-3.1,-0.4,-1.8,,,-26.3,-40,0.1,0.31,1.32,-0.12,-0.03,-0.03,-0.37,,,-0.9,-0.91,1.07,29.50%,65.90%,48.20%,55.20%,82.40%,74.30%,51.30%,,-13,98,97,111,97,96,93,103,110,98,97,94,97,98,107,101,103,95,88.4,13.3,302,7.70%,117.1,1494,38.00%,3931,16.20%,28.50%,,,,1299,847,236,37
BAL,2376,5983,195,659,632,54,7.50%,24.30%,0.163,0.29,0.239,0.304,0.402,0.305,,91,-6.2,-75.2,-38.7,8.9,27,2376,5420,5983,1296,820,266,15,195,659,632,451,12,1454,65,31,14,105,54,23,0.239,1652,1511,809,187,23610,8280,15330,109,39,9,7.50%,24.30%,0.31,0.304,0.402,0.705,0.163,0.29,1.09,20.40%,41.60%,38.00%,12.40%,12.90%,6.60%,23.10%,0.305,-46.6,678,-69,-24.2,187,-14.5,88.9,8.9,$71.40,3.7,91,-13.15,-105.62,92.47,-95.85,-9.46,0.94,1.56,85,-9.7,-4.32,49.90%,93.8,19.70%,84.3,7.20%,87.5,10.10%,79.3,11.20%,84.4,1.80%,87,,,0.20%,,-19.5,-14.5,13.7,-18.2,-13.4,-3,,-0.17,-0.31,0.8,-0.76,-0.51,-0.69,,33.70%,68.80%,48.40%,62.30%,83.90%,75.20%,41.80%,61.50%,12.00%,-6.2,34.00%,,7.60%,1.50%,,15.70%,18.80%,9.00%,1.70%,,11.50%,,,,93.9,,87.8,87,,93.4,84.5,78.8,80.2,,84.5,,,-1.5,,0.5,-6.2,,-2.7,1.8,1.7,3.2,,0.9,,,9.6,,4.5,2.6,,5.7,0.9,-4.3,-7.6,,4.3,,,-21.4,,11.9,-8.6,,-6.4,-19.7,-18.1,-2.1,,-11.4,,,-0.27,,0.66,-2.42,,-0.17,-0.44,-0.85,-0.5,,-0.42,,,29.80%,66.60%,48.40%,55.70%,83.60%,75.10%,50.50%,,-38.7,-3.4,-2.6,23 - 36,-75.2,15.9,-0.2,40.20%,33.50%,26.40%,18.50%,51.10%,30.40%,35.10%,11.30%,0.00%,9.70%,34.80%,7.40%,1.70%,,,15.30%,19.80%,0.10%,84.5,66.8,79.1,93.9,87.4,86.8,,,93.4,84.2,87,0.9,-11.1,2.1,-1.3,0.4,-6.1,,,-2.7,2.1,-5.1,2.7,-11.5,-7.3,8.4,3.3,1.3,,,4.2,-0.6,4,-14.7,0,-13.2,-23.4,8.6,-4.9,,,-5.3,-23.2,-0.1,-0.55,2.85,-0.57,-0.28,0.5,-1.25,,,-0.15,-0.5,-0.79,30.20%,65.80%,48.40%,55.60%,83.70%,75.10%,51.00%,,-21.3,97,89,106,96,97,96,99,99,98,103,95,100,96,105,113,99,95,88.3,13.3,306,7.60%,114.6,1472,36.70%,4013,16.30%,28.30%,,,,1296,820,266,15
KCR,2368,5993,163,686,647,124,7.00%,21.00%,0.147,0.292,0.249,0.306,0.396,0.304,,89,13.2,-64.7,-6.1,13.3,28,2368,5427,5993,1349,906,251,29,163,686,647,421,8,1258,55,52,31,100,124,33,0.249,1806,1502,869,135,22754,8035,14719,124,74,18,7.00%,21.00%,0.33,0.306,0.396,0.702,0.147,0.292,1.2,20.80%,43.20%,36.00%,9.00%,10.90%,6.90%,24.30%,0.304,-53.9,672,-77.8,8.7,187.3,-14.9,132.4,13.3,$106.20,5,89,-4.26,-104.23,99.97,-68.19,-6.79,0.95,1.3,80,-7.15,2.67,49.50%,93.6,22.10%,84.9,5.40%,88.6,9.70%,79.6,11.20%,84.4,1.90%,85.7,0.00%,43.7,0.10%,,-8.6,-17.5,-3.4,-16.3,1.5,5.2,-0.2,-0.08,-0.35,-0.27,-0.74,0.06,1.17,-2.74,34.50%,72.10%,50.00%,62.40%,86.00%,76.40%,41.20%,61.30%,11.80%,13.2,34.90%,,6.20%,1.90%,,14.20%,21.70%,7.30%,2.30%,0.00%,11.20%,,,,93.6,,89.2,85.4,,93,84.8,79.2,80.9,43.6,84.4,,,-1.8,,0.8,-5.9,,-2.5,1.3,2,2.7,-2.4,-1.7,,,9.7,,4.6,2.7,,5.2,1.1,-5.4,-6.2,3.9,4.4,,,-23.3,,-4,4.8,,-3.5,-18.3,-8,-12.4,-0.2,-3.9,,,-0.29,,-0.28,1.08,,-0.11,-0.37,-0.48,-2.35,-2.74,-0.15,,,29.90%,70.10%,50.00%,55.40%,85.20%,76.30%,50.10%,,-6.1,6.3,5.4,21 - 38,-64.7,15.9,1.5,41.20%,35.10%,23.70%,14.60%,52.90%,32.50%,30.70%,11.00%,0.00%,9.30%,36.00%,6.50%,2.10%,,,13.40%,21.60%,0.00%,84.5,73,79.5,93.7,88.5,85.2,,,93.1,84.8,92.7,-1.6,6.9,2.5,-1.5,0.8,-5.6,,,-2.7,1.6,10.4,3,-9.5,-7.6,8.5,3.3,1.4,,,3.8,-0.3,15.8,-3.3,0,-19.3,-24.7,-2.1,4.2,,,-5.7,-20.9,-0.2,-0.13,0.68,-0.9,-0.3,-0.14,0.87,,,-0.19,-0.42,-4.16,30.20%,69.50%,50.00%,55.60%,85.20%,76.40%,50.50%,,-17.3,101,83,92,97,95,87,100,101,102,97,80,102,101,95,89,103,101,89.2,12.7,295,6.90%,115.1,1655,38.90%,4259,14.40%,26.10%,,,,1349,906,251,29
ARI,2449,6144,144,679,644,43,8.70%,23.80%,0.146,0.295,0.236,0.309,0.382,0.301,,84,6.6,-117.4,24.8,11,28,2449,5489,6144,1297,814,308,31,144,679,644,537,24,1465,54,28,32,99,43,16,0.236,1716,1463,839,155,24204,8669,15535,110,66,17,8.70%,23.80%,0.37,0.309,0.382,0.692,0.146,0.295,1.17,20.90%,42.70%,36.40%,10.60%,9.80%,6.40%,25.80%,0.301,-73,671,-124,-10,192,34.9,110.1,11,$88.40,3.9,84,-11.72,-113.76,102.04,-69.11,-7,1.01,1.18,336,-8.91,-2.68,51.10%,93.6,19.40%,84.7,7.00%,89.5,9.00%,79.5,11.90%,85.3,1.60%,84.5,,,0.30%,,-24,-38.4,-10.3,-8.5,18.1,0.3,,-0.19,-0.82,-0.61,-0.39,0.63,0.09,,30.60%,66.70%,46.20%,61.70%,84.60%,76.00%,43.40%,60.20%,11.10%,6.6,36.20%,,6.90%,1.50%,,14.80%,18.90%,7.70%,2.00%,,11.90%,,,,93.9,,89.5,84.7,,92.7,84.8,78.9,82,,85.3,,,-2.2,,1,-5.9,,-2.2,1.5,2.3,3.6,,-3.8,,,9.1,,5.2,3.1,,5.9,1.2,-4.8,-6.3,,3.7,,,-26.5,,-16.3,-3.6,,-5.6,-45.7,-7.6,1.3,,15.9,,,-0.3,,-0.97,-0.98,,-0.16,-1,-0.41,0.27,,0.55,,,26.60%,64.50%,46.20%,54.50%,84.10%,75.90%,51.80%,,24.8,-2.8,6.7,21 - 37,-117.4,10.7,2.7,40.40%,34.10%,25.60%,16.50%,51.10%,32.40%,34.90%,11.70%,,9.30%,37.70%,6.40%,1.80%,,,13.20%,19.90%,0.00%,85.3,,79.6,94,89.9,84.7,,,92.6,84.8,88.7,-3.5,,2.7,-1.9,1.2,-5.6,,,-2.1,1.9,2.9,2.2,,-7,8.1,4.4,1.7,,,3.8,-0.2,3.6,13.6,,-9.8,-28.9,-16.6,-1.5,,,-5.3,-40.7,0.3,0.48,,-0.44,-0.32,-1.07,-0.34,,,-0.16,-0.85,2.84,27.20%,63.40%,46.20%,54.60%,84.20%,76.00%,52.60%,,-2.7,95,95,107,95,91,85,100,100,100,100,72,100,97,104,101,101,99,87.7,12.9,230,5.60%,116,1456,35.60%,4088,17.60%,28.70%,,,,1297,814,308,31
SEA,2360,6010,199,697,673,64,8.90%,24.80%,0.159,0.273,0.226,0.303,0.385,0.3,,93,-7.1,-55.8,-33.7,11.5,28,2360,5355,6010,1209,766,233,11,199,697,673,535,8,1492,72,36,9,92,64,24,0.226,1611,1523,744,179,24050,8775,15275,104,30,11,8.90%,24.80%,0.36,0.303,0.385,0.688,0.159,0.273,1.06,19.20%,41.50%,39.30%,11.80%,13.10%,6.50%,36.70%,0.3,-72.9,655,-48.7,-18.3,187.8,-15.4,114.3,11.5,$91.70,3.8,93,2.78,-105.27,108.05,-10.96,-1.16,0.98,1.51,101,-5.88,8.71,50.10%,93.2,19.80%,83.8,5.20%,87.9,10.30%,79.5,13.00%,84.7,1.70%,86.8,,,0.10%,,-28.4,-28.2,12.6,-4.1,-17.9,-5.9,,-0.24,-0.59,1.01,-0.17,-0.57,-1.48,,30.50%,68.40%,46.60%,61.00%,83.90%,75.30%,42.50%,59.60%,11.50%,-7.1,35.10%,,5.80%,2.70%,,14.60%,18.30%,9.20%,2.10%,,12.30%,,,,93.4,,88.1,86.1,,92.8,83.9,78.8,82.9,,84.7,,,-1.5,,0.7,-6.1,,-1.9,1,1.1,4.2,,-1.4,,,9.6,,4.9,2.5,,5.4,1.3,-4.6,-5.7,,4.4,,,-10.7,,18,-1.7,,-24.7,-34.8,-9.5,-2,,-22.9,,,-0.13,,1.3,-0.27,,-0.71,-0.79,-0.43,-0.39,,-0.77,,,26.30%,65.60%,46.60%,53.70%,83.30%,75.20%,51.60%,,-33.7,-1.9,-7.8,21 - 37,-55.8,16,2.6,40.30%,35.90%,23.80%,19.10%,50.20%,30.70%,37.00%,12.00%,0.00%,11.00%,34.80%,5.80%,2.60%,,,15.10%,18.70%,,84.7,74.7,79.5,93.6,88.1,86.4,,,92.7,84.1,,-1.7,5.3,1.8,-1.3,0.5,-6.4,,,-2,1.1,,2.9,-9.1,-6.7,8.4,3.6,0.9,,,4.1,-0.2,,-21.7,0.1,-11.4,-9.4,10.5,-2.5,,,-26.1,-29.1,,-0.76,3.58,-0.43,-0.11,0.75,-0.4,,,-0.72,-0.65,,26.80%,64.90%,46.60%,53.30%,83.60%,75.20%,52.00%,,-4.8,92,105,109,96,93,94,94,94,98,106,96,100,103,95,117,98,95,87.9,14,322,8.20%,114.1,1450,37.10%,3911,16.80%,28.30%,,,,1209,766,233,11
PIT,2393,5983,124,609,570,60,8.80%,22.20%,0.128,0.29,0.236,0.309,0.364,0.294,,83,-3.9,-135.5,29.1,9.1,27,2393,5336,5983,1261,862,240,35,124,609,570,529,24,1328,49,37,31,102,60,30,0.236,1812,1349,842,103,22994,8341,14653,128,72,18,8.80%,22.20%,0.4,0.309,0.364,0.673,0.128,0.29,1.34,21.00%,45.30%,33.70%,7.60%,9.20%,7.10%,25.00%,0.294,-103.4,621,-131.6,-2.1,187,31.2,91,9.1,$73.00,4.2,83,-9.76,-109.87,100.11,-107.74,-10.46,1.03,1.19,289,-12.44,2.99,51.60%,93,18.90%,84.3,6.20%,88.5,9.80%,78.7,11.60%,84.6,2.00%,84.8,,,0.40%,,-54.1,-29.2,6.8,-15.1,-4.8,-6.4,,-0.46,-0.67,0.48,-0.67,-0.18,-1.42,,30.30%,68.40%,46.50%,61.40%,87.00%,77.40%,42.40%,61.90%,10.50%,-3.9,34.30%,,6.10%,1.60%,,17.10%,18.90%,7.80%,2.10%,,12.00%,,,,93.3,,88.4,84.7,,92.4,84.3,78,80.6,,84.6,,,-2.1,,0.5,-6.9,,-3.8,1.2,3,2.9,,-3.4,,,9.2,,4.5,3.5,,5.6,1.2,-5.1,-6.1,,3.8,,,-37.2,,2,-3.9,,-28.6,-28.5,1.7,-15.2,,-10.2,,,-0.47,,0.14,-1.04,,-0.73,-0.66,0.1,-3.08,,-0.37,,,25.80%,66.20%,46.50%,53.00%,86.30%,77.30%,51.20%,,29.1,-5.4,-2.7,21 - 35,-135.5,10.4,4.2,37.70%,37.10%,25.30%,18.30%,52.40%,29.30%,33.10%,11.90%,,9.40%,35.10%,6.80%,1.70%,,,16.20%,18.80%,0.00%,84.8,,78.8,93.6,88.5,85.1,,,92.5,84.5,97.9,-3.3,,3.4,-1.9,0.4,-6.5,,,-3.6,1.5,-7.6,2.5,,-7.3,8.1,3.7,2.3,,,4.1,-0.3,5.9,-10.4,,-11.4,-35.9,6.6,-3.8,,,-32.2,-32.6,0,-0.38,,-0.52,-0.44,0.42,-0.98,,,-0.86,-0.75,0.2,26.50%,65.10%,46.50%,53.10%,86.50%,77.30%,51.80%,,7.2,95,96,100,95,87,75,98,101,106,93,67,94,106,103,111,103,89,87.5,10.3,219,5.40%,118.2,1385,34.00%,4077,16.90%,27.40%,,,,1261,862,240,35
MIA,2436,5928,158,623,594,106,7.60%,26.20%,0.139,0.296,0.233,0.298,0.372,0.291,,84,0.4,-119,37.9,11.5,27,2436,5348,5928,1244,837,226,23,158,623,594,450,25,1553,65,30,30,95,106,29,0.233,1732,1303,761,144,23267,8080,15187,119,60,10,7.60%,26.20%,0.29,0.298,0.372,0.671,0.139,0.296,1.33,20.00%,45.60%,34.30%,11.10%,12.10%,6.90%,16.70%,0.291,-116,602,-119.4,4.4,185.3,33.5,114.4,11.5,$91.80,4.7,84,-12.08,-113.44,101.37,-73.75,-7.49,1.04,1.27,270,-12.32,0.69,51.40%,93.5,20.70%,84.5,5.90%,88.1,10.80%,78.8,9.60%,84.9,1.60%,85.9,,,0.40%,,-61.2,-28.8,-3.5,-5,-6.5,-5,,-0.51,-0.6,-0.26,-0.2,-0.29,-1.33,,34.30%,67.30%,48.10%,60.40%,84.00%,74.20%,41.80%,60.10%,12.40%,0.4,34.60%,,6.50%,1.70%,,16.60%,19.30%,9.80%,1.90%,,9.50%,,,,93.6,,88.2,85.9,,93.1,84.7,78.3,80.7,,85,,,-1.9,,0.7,-5.8,,-4.1,1.7,2.6,3.3,,-3.3,,,9.6,,4.6,2.1,,5.5,1.3,-5,-6.5,,4,,,-50,,-7.9,-4.3,,-20.8,-24.3,-12.1,0.4,,-9,,,-0.62,,-0.53,-1.06,,-0.54,-0.54,-0.53,0.09,,-0.41,,,30.30%,65.50%,48.10%,54.00%,83.20%,74.10%,50.60%,,37.9,4.5,-3.8,21 - 35,-119,10.3,-0.3,37.90%,34.80%,27.30%,18.40%,51.60%,30.10%,36.50%,9.40%,,10.90%,35.70%,5.70%,1.70%,,,15.70%,20.80%,,84.9,,78.8,93.7,88.3,86.3,,,93,84.6,,-3.2,,2.6,-1.8,0.8,-5.9,,,-4.1,2.1,,2.3,,-7.3,8.4,3.8,1.1,,,3.7,-0.3,,-7,,-7.3,-52.9,-9.4,-6.8,,,-20.8,-24.2,,-0.32,,-0.29,-0.64,-0.71,-1.7,,,-0.57,-0.5,,30.70%,64.70%,48.10%,53.80%,83.40%,74.20%,51.10%,,1.7,93,83,117,91,89,81,101,96,107,94,89,94,99,111,112,102,92,88.1,11,246,6.40%,115.7,1430,37.00%,3860,16.70%,29.10%,,,,1244,837,226,23
TEX,2252,5943,167,625,598,106,7.30%,23.20%,0.143,0.28,0.232,0.294,0.375,0.291,,84,-1.8,-118,37.5,12.1,27,2252,5405,5943,1254,838,225,24,167,625,598,433,10,1381,58,31,16,113,106,29,0.232,1868,1395,764,129,22926,8045,14881,124,44,5,7.30%,23.20%,0.31,0.294,0.375,0.67,0.143,0.28,1.34,19.00%,46.40%,34.60%,9.20%,12.00%,6.60%,11.40%,0.291,-113.9,606,-116.2,52.1,185.7,-14.6,121,12.1,$97.10,4.7,84,-16.28,-109.97,93.7,-117.17,-11.73,0.98,1.48,88,-14.8,-1.77,52.70%,93.2,18.00%,84.1,6.30%,88.2,9.10%,78.9,12.20%,84.2,1.60%,86.8,,,0.20%,,-41.3,-24.2,-12,-8.9,-22.1,-11.1,,-0.34,-0.58,-0.83,-0.42,-0.79,-2.96,,32.60%,68.80%,47.90%,64.10%,83.90%,76.10%,42.20%,61.30%,11.40%,-1.8,36.50%,,6.70%,2.10%,,16.00%,17.10%,7.90%,1.90%,,11.80%,,,,93.3,,88.5,86.2,,92.7,84.2,78.3,81.4,,84.1,,,-1.8,,1,-6.1,,-1.8,1.4,1.5,2.4,,-0.7,,,9.6,,4.9,2.7,,5.6,1.4,-5.2,-5.9,,4.5,,,-25.7,,-14.3,-5.5,,-22.6,-30,-12.3,1.7,,-30.2,,,-0.31,,-0.93,-1.17,,-0.62,-0.76,-0.68,0.4,,-1.11,,,28.60%,66.10%,47.90%,57.10%,83.80%,76.00%,51.40%,,37.5,4.5,-3.7,22 - 36,-118,15.8,-2.6,38.10%,36.10%,25.80%,16.10%,52.70%,31.20%,33.30%,11.60%,0.00%,9.00%,37.70%,6.60%,2.20%,,,14.90%,17.90%,0.00%,84.4,70.1,79,93.5,88.6,86.4,,,93.2,84.3,96.1,-0.7,5.9,1.6,-1.4,0.9,-5.9,,,-2.5,1.7,-3.1,3,-9,-7.4,8.5,3.5,1.4,,,4,0,9.2,-32.6,1.1,-4.6,-31.9,-12.3,-4.6,,,-16.6,-34.8,0,-1.22,21.74,-0.22,-0.37,-0.82,-0.9,,,-0.49,-0.85,0,28.80%,65.40%,47.90%,57.10%,83.70%,76.00%,52.00%,,16.7,94,86,102,93,90,84,96,92,109,93,88,95,104,103,99,102,97,87.9,10.9,270,6.60%,115.1,1448,35.60%,4071,16.90%,28.30%,,,,1254,838,225,24
